centroid,log(zero_cross),type
6317.898069654797,-3.9530449799510676,kick
1292.271747154044,-5.878335841803645,kick
835.0838656188686,-6.1194978986205335,kick
9972.63726267164,-2.673848754387544,kick
7834.382716823657,-1.9381419594088027,kick
683.9837553972018,-6.032486521630903,kick
973.0091279764758,-5.684179827362688,kick
4072.920243933916,-3.984793678265648,kick
6231.4987931375745,-3.286284554564317,kick
1965.0734765253292,-6.1194978986205335,kick
2577.5261659253356,-2.6651906916444292,kick
731.0748589594914,-6.437951629739068,kick
582.5452514923358,-5.083405966933758,kick
986.5902538455322,-5.952443813957367,kick
580.3725602696106,-6.437951629739068,kick
1792.5592523589698,-6.1194978986205335,kick
566.3513326331513,-5.809342970316694,kick
1953.1143418502575,-3.5757507488095994,kick
2942.639685419345,-5.339339341070958,kick
3411.1554954305216,-3.6653629074992864,kick
4939.737756674278,-5.426350718060588,kick
4351.665798509441,-4.423048609196803,kick
1879.7703872220957,-5.878335841803645,kick
1226.868588881812,-6.437951629739068,kick
4083.8841422699343,-4.186659831132572,kick
1026.9648873519,-5.339339341070958,kick
4935.812964026769,-2.9376633454326817,kick
2654.6192047551017,-4.585567538694578,kick
1470.9622296232374,-6.1194978986205335,kick
859.5788734982817,-5.684179827362688,kick
2060.635301243462,-6.214808078424858,kick
1348.7784707108085,-5.339339341070958,kick
4316.350244552835,-3.381594734368642,kick
2196.476178689683,-5.809342970316694,kick
1333.6475469506377,-6.214808078424858,kick
4645.396927969572,-4.52840912485463,kick
1744.7126011595005,-5.878335841803645,kick
1474.9645488542717,-4.374258445027371,kick
5148.226562603226,-5.572954192252463,kick
4193.03559040071,-4.063045875165396,kick
1506.2775314617222,-5.298517346550703,kick
1361.7780893897225,-5.572954192252463,kick
5575.4876634788925,-4.110673924154651,kick
4067.461443406709,-4.186659831132572,kick
3911.8312593696915,-3.763802980312539,kick
6439.584199218254,-3.020224946125702,kick
7585.370960858025,-3.1702856407014353,kick
4334.107109468254,-4.374258445027371,kick
1473.2637702953598,-4.327738429392478,kick
548.627249600585,-6.320168594082684,kick
2300.3655138709605,-5.339339341070958,kick
1724.3230928988573,-5.051657268619177,kick
5364.148938525981,-3.1943831922804953,kick
2598.448460677198,-4.605370165990758,kick
2131.537243950739,-5.083405966933758,kick
465.17896691801224,-6.725633702190849,kick
434.9814307451105,-4.756193055725341,kick
275.61331169149923,-6.214808078424858,kick
1825.396154784844,-4.406519307245593,kick
1800.8087289601772,-6.725633702190849,kick
963.5643507573396,-5.809342970316694,kick
1927.4435294772563,-5.051657268619177,kick
1896.3194997347632,-4.110673924154651,kick
1470.657982106714,-6.1194978986205335,kick
603.2518580997227,-5.426350718060588,kick
852.4986928766945,-6.320168594082684,kick
3454.210896701097,-4.017583501088638,kick
2917.3669856813976,-5.426350718060588,kick
1272.3343023213672,-5.744804449179123,kick
4106.773111073756,-5.259296633397422,kick
3608.1183878448383,-4.906475258774679,kick
4647.632128932951,-3.9956045943698633,kick
3759.8616361063123,-6.1194978986205335,kick
1622.8288484124512,-6.1194978986205335,kick
3704.432673851784,-3.932425692748332,kick
3225.3880004603093,-4.4920414806837545,kick
1512.2208486659206,-4.96204510992949,kick
336.4955065637729,-6.214808078424858,kick
1190.2862121834103,-5.572954192252463,kick
828.8576820245793,-5.878335841803645,kick
707.5115685146956,-6.1194978986205335,kick
660.6901391799418,-5.878335841803645,kick
234.47662172259402,-6.320168594082684,kick
1630.1434083019706,-5.521660897864913,kick
137.39439061110906,-6.571483022363591,kick
2887.3775651212163,-5.1851886612437,kick
3804.6551004771945,-3.4359888064344406,kick
2544.7090920177943,-4.566149452837476,kick
3649.9918679883203,-4.933874232962793,kick
569.7002596722526,-6.725633702190849,kick
847.2838315132424,-5.521660897864913,kick
5344.214220256896,-3.3356096211268187,kick
777.1965587893155,-6.320168594082684,kick
5168.67056512089,-4.110673924154651,kick
1506.4063824826537,-5.116195789756748,kick
314.8484676344408,-6.032486521630903,kick
1980.7945270974096,-6.571483022363591,kick
1646.6008932797374,-6.725633702190849,kick
147.13217098286162,-6.320168594082684,kick
2024.216786457939,-5.878335841803645,kick
3269.734860952601,-4.110673924154651,kick
2156.1124021227156,-5.952443813957367,kick
571.0040933973092,-5.572954192252463,kick
4578.638637963866,-4.733203537500643,kick
3610.924441385863,-4.028756801686764,kick
413.1607175357147,-6.320168594082684,kick
1610.1795251934163,-5.339339341070958,kick
5451.182088054352,-3.1702856407014353,kick
1427.202368844721,-5.339339341070958,kick
2475.981421225425,-5.1851886612437,kick
2238.195889669329,-5.116195789756748,kick
4216.530175569653,-5.472870733695481,kick
1944.3722875979006,-6.437951629739068,kick
436.73203969237323,-6.725633702190849,kick
5176.400612857606,-4.327738429392478,kick
2135.2079747419525,-5.472870733695481,kick
2877.617805157439,-3.942682192915521,kick
3462.366474840741,-5.339339341070958,kick
1611.4603632580206,-5.221556305414575,kick
3156.985371236832,-4.933874232962793,kick
556.7393140550779,-6.725633702190849,kick
977.4246909273902,-5.0208856099524235,kick
1488.7394468714729,-5.051657268619177,kick
4121.729383429938,-5.426350718060588,kick
922.1925601078466,-5.298517346550703,kick
505.6083271511842,-6.214808078424858,kick
4701.091416228959,-3.7216026258221624,kick
1192.3942084461135,-4.96204510992949,kick
3951.790582336273,-5.521660897864913,kick
1378.8683404641397,-5.744804449179123,kick
3785.95925847174,-4.566149452837476,kick
1729.6048044119361,-6.725633702190849,kick
5187.317392476876,-3.86343282126138,kick
3490.9069138523555,-4.933874232962793,kick
6414.99636112715,-3.5545485411589963,kick
315.8062090920451,-5.744804449179123,kick
5338.59174264828,-3.86343282126138,kick
5036.0418070904725,-3.214088263359828,kick
2813.273281696888,-4.327738429392478,kick
8610.419138474575,-2.6368601850182034,kick
1176.910205189164,-5.521660897864913,kick
1092.4291367439973,-5.809342970316694,kick
2139.366799327433,-4.510059986186433,kick
7777.191008876108,-2.7711899808787503,kick
4157.3432952058365,-5.0208856099524235,kick
795.0467355914366,-6.1194978986205335,kick
1345.2544610390614,-6.214808078424858,kick
302.6116197128961,-6.320168594082684,kick
1689.3968075537664,-5.627021413522739,kick
302.6135925728588,-6.320168594082684,kick
1592.9300872333497,-6.320168594082684,kick
3187.362507985013,-4.063045875165396,kick
4177.519169241311,-3.5001133346039794,kick
478.56944397787163,-6.1194978986205335,kick
1486.6896911215247,-4.667245569708845,kick
3570.6899849838355,-3.942682192915521,kick
1305.081992096553,-6.437951629739068,kick
916.1292943392056,-5.627021413522739,kick
493.8040336570002,-5.809342970316694,kick
1688.7847774340898,-5.952443813957367,kick
2327.578061824577,-5.952443813957367,kick
1477.6624516820316,-5.572954192252463,kick
1556.1464753154391,-6.1194978986205335,kick
664.1796104595405,-6.320168594082684,kick
1208.414449046736,-6.320168594082684,kick
2811.4604655826574,-4.733203537500643,kick
1208.4590164195333,-5.521660897864913,kick
2110.609679863929,-7.131098810299013,kick
1981.4414825788779,-4.96204510992949,kick
3572.7601140640427,-4.667245569708845,kick
1607.5107871037724,-5.952443813957367,kick
1320.078956367291,-4.906475258774679,kick
5248.175328611872,-6.214808078424858,kick
3759.989164418039,-6.1194978986205335,kick
560.8426034017252,-6.437951629739068,kick
4331.69481218922,-3.1561010057094787,kick
4486.407718017368,-5.809342970316694,kick
3414.2694918564357,-4.779723553135535,kick
3158.178449114048,-4.585567538694578,kick
708.0576095311815,-5.952443813957367,kick
1443.6734343587673,-5.1851886612437,kick
1476.7556966173943,-5.426350718060588,kick
822.7131193589354,-6.032486521630903,kick
2468.236081325389,-4.733203537500643,kick
2956.9545809195542,-5.339339341070958,kick
2129.4508465275994,-4.52840912485463,kick
1890.9921306767899,-5.259296633397422,kick
3786.0477000278825,-4.0747419149285875,kick
1183.0909926513991,-5.259296633397422,kick
335.54830580912306,-6.320168594082684,kick
2621.718616678054,-4.710730681648584,kick
1206.845478770526,-5.684179827362688,kick
3023.3419816032015,-4.605370165990758,kick
4441.403729707976,-5.339339341070958,kick
2320.8903204902235,-4.756193055725341,kick
2323.1815559160013,-3.9122229854308124,kick
857.6395235703488,-6.320168594082684,kick
2320.4565252374505,-4.098552563622306,kick
1359.6626555436515,-5.221556305414575,kick
2128.4470837578997,-5.116195789756748,kick
2063.819955469353,-6.320168594082684,kick
944.0910481327242,-6.320168594082684,kick
376.0095281813481,-6.320168594082684,kick
3298.517847204893,-3.932425692748332,kick
2261.673168816946,-5.1851886612437,kick
2090.3149355975324,-5.952443813957367,kick
4160.688848866608,-5.221556305414575,kick
3671.482192425238,-4.226933730270512,kick
313.93340919277335,-6.437951629739068,kick
4236.195454978475,-5.744804449179123,kick
2193.141041107973,-5.627021413522739,kick
2984.855183124471,-4.933874232962793,kick
3277.2998581625534,-3.657580767057232,kick
490.8439284108185,-6.320168594082684,kick
4559.821928228939,-6.214808078424858,kick
1122.5518366630254,-5.472870733695481,kick
4255.701590825551,-4.05148505276432,kick
2303.455326220636,-5.259296633397422,kick
5668.502357109817,-4.063045875165396,kick
888.0561970556622,-4.853831525289257,kick
2867.7710238205736,-4.803821104714596,kick
3989.8047443378996,-4.646192160511013,kick
2092.650725278087,-6.032486521630903,kick
4388.668466755662,-3.473968054499657,kick
1957.3842665343313,-6.1194978986205335,kick
1128.9322438839458,-5.0208856099524235,kick
3185.077950837388,-4.08657637257559,kick
1125.4406999071857,-5.472870733695481,kick
2403.0129731825955,-5.472870733695481,kick
1754.3460436357698,-4.991032646802743,kick
2305.334518101681,-4.803821104714596,kick
1702.8796232373236,-4.96204510992949,kick
780.8680723717566,-5.521660897864913,kick
1649.436770937983,-5.878335841803645,kick
1723.3758639928133,-6.320168594082684,kick
1281.696568801444,-5.572954192252463,kick
2488.358132929304,-4.585567538694578,kick
4003.432821569926,-4.186659831132572,kick
1128.9999291668541,-4.991032646802743,kick
4252.252448281704,-3.079313862495708,kick
4800.5805917618745,-5.259296633397422,kick
1089.2220596094023,-5.572954192252463,kick
1375.443129088774,-5.298517346550703,kick
287.98490960525294,-6.1194978986205335,kick
1504.2267226816416,-5.809342970316694,kick
3437.3622852883336,-5.572954192252463,kick
2693.480633272885,-4.879807011692518,kick
451.88679050503663,-6.214808078424858,kick
2683.9673944643946,-4.4398557275131845,kick
464.37561180896404,-6.320168594082684,kick
2085.083038337245,-5.684179827362688,kick
4708.728632199078,-5.1851886612437,kick
1901.8269779515956,-5.572954192252463,kick
3487.8901705406142,-3.963516279818363,kick
279.23127754403697,-6.1194978986205335,kick
1975.5270704735285,-6.214808078424858,kick
6042.558621554776,-3.8730022722775312,kick
303.16628584539205,-6.214808078424858,kick
5581.36532272031,-2.8372205624018365,kick
1771.7171409951866,-4.906475258774679,kick
1945.8123215641629,-5.684179827362688,kick
4539.681597594805,-3.8445643369569975,kick
771.6773070521092,-5.952443813957367,kick
4313.797201553947,-4.268897929369545,kick
1667.0275543407888,-5.684179827362688,kick
2537.873840018163,-5.381898955489754,kick
2441.736744256073,-4.254713294377589,kick
1506.2775314617222,-5.298517346550703,kick
123.20330889464628,-6.437951629739068,kick
1859.737655100801,-6.437951629739068,kick
202.01308805448383,-5.878335841803645,kick
527.9976173225658,-6.032486521630903,kick
1924.3695162477054,-6.437951629739068,kick
1307.3390124181262,-5.15009734143243,kick
914.5266740673001,-6.214808078424858,kick
3718.8000031319407,-2.8684189332576975,kick
2938.7423853863183,-4.906475258774679,kick
228.04738375444757,-6.437951629739068,kick
4592.296830408306,-3.5757507488095994,kick
2224.8811629448937,-5.381898955489754,kick
3906.45873306672,-6.1194978986205335,kick
2183.951648932504,-6.1194978986205335,kick
1375.4417620567526,-5.809342970316694,kick
5113.886223143158,-3.6732060849603125,kick
6917.614979345177,-3.657580767057232,kick
1572.030370253699,-6.437951629739068,kick
429.07288740306785,-5.298517346550703,kick
3350.5066588022946,-4.710730681648584,kick
4177.262686161087,-6.1194978986205335,kick
3801.065177553569,-5.572954192252463,kick
6447.111365257009,-2.9006220737523325,kick
1802.3847806819122,-5.116195789756748,kick
4195.850443860106,-5.116195789756748,kick
1092.3805085097051,-5.809342970316694,kick
1534.8023581325274,-6.214808078424858,kick
356.35340052744675,-6.320168594082684,kick
470.47127052229814,-5.952443813957367,kick
578.364741985157,-6.1194978986205335,kick
660.1409972240349,-5.339339341070958,kick
1639.9928595103993,-5.116195789756748,kick
947.0848411787879,-5.809342970316694,kick
6874.960032774141,-2.7616509578319914,kick
3605.8774093523857,-4.08657637257559,kick
935.1059920736749,-5.878335841803645,kick
811.1654402187644,-5.878335841803645,kick
4166.171547934801,-5.083405966933758,kick
2803.732159672142,-4.779723553135535,kick
182.96858297925857,-6.214808078424858,kick
2585.279705296555,-4.853831525289257,kick
1019.1364649505252,-6.725633702190849,kick
971.0071708908107,-4.991032646802743,kick
5550.604119149941,-4.017583501088638,kick
2383.800549896627,-4.96204510992949,kick
2958.5214219125864,-5.221556305414575,kick
2420.0570132225894,-4.733203537500643,kick
509.57237387800706,-6.214808078424858,kick
465.6488818845142,-6.320168594082684,kick
2130.229875501939,-5.051657268619177,kick
3449.5410950626774,-5.339339341070958,kick
156.81940186998924,-6.571483022363591,kick
598.6333569912194,-6.571483022363591,kick
4402.287128252202,-5.116195789756748,kick
1828.7145972198123,-6.907955258984804,kick
1950.1053943368652,-3.713372126685647,kick
4131.118275517487,-4.374258445027371,kick
1001.496486139396,-5.521660897864913,kick
2188.96998484073,-5.952443813957367,kick
4176.380044709008,-4.779723553135535,kick
3834.626655701433,-6.1194978986205335,kick
1209.8876131671127,-4.906475258774679,kick
560.8167824300654,-5.744804449179123,kick
350.333456003221,-6.214808078424858,kick
1705.0986248923875,-4.374258445027371,kick
5778.7814755199,-4.547101257866782,kick
557.4447266443364,-6.571483022363591,kick
412.876468461758,-5.298517346550703,kick
2366.518497865935,-5.298517346550703,kick
2095.2229070504363,-5.1851886612437,kick
2810.9737221246005,-5.684179827362688,kick
165.22327871212642,-6.320168594082684,kick
1651.5562116105286,-5.0208856099524235,kick
857.3820488268002,-5.521660897864913,kick
2896.5593276043573,-3.318896140153078,kick
1949.4875398507625,-4.853831525289257,kick
3760.133518512347,-4.312700552027938,kick
1248.271316916026,-6.571483022363591,kick
2493.831388396619,-5.083405966933758,kick
3536.9244197826774,-5.259296633397422,kick
694.3577985912846,-5.426350718060588,kick
2862.6084233643405,-4.991032646802743,kick
11441.128124113191,-1.1106824412412633,kick
777.885530985482,-6.214808078424858,kick
1750.1668585644989,-4.199905057882593,kick
2999.5363002335826,-4.358510088059232,kick
2087.52116712152,-6.1194978986205335,kick
677.4702159574283,-5.684179827362688,kick
2490.795248184289,-5.472870733695481,kick
1632.3561924102803,-4.8285137173049675,kick
672.4385555497427,-5.878335841803645,kick
3817.3565296760166,-4.991032646802743,kick
3149.6235153869925,-3.9956045943698633,kick
1660.296364579544,-6.320168594082684,kick
1331.9645023144851,-4.297885466242797,kick
712.2524484133189,-6.320168594082684,kick
6881.344337627155,-3.8730022722775312,kick
507.7581764263632,-5.809342970316694,kick
4697.739573926511,-5.051657268619177,kick
2098.6238670010257,-5.116195789756748,kick
342.3627055529369,-5.472870733695481,kick
4310.062805498326,-5.809342970316694,kick
1386.911444279517,-6.571483022363591,kick
4305.662349072294,-5.878335841803645,kick
4076.8435846660454,-5.684179827362688,kick
3127.7069648087395,-5.1851886612437,kick
3865.618721318787,-6.1194978986205335,kick
1116.9484824882732,-5.051657268619177,kick
5648.860174301082,-3.275646156359261,kick
3745.8666709387585,-4.803821104714596,kick
1274.377872003077,-5.15009734143243,kick
796.398716652597,-4.226933730270512,kick
2160.9759171470732,-5.952443813957367,kick
1874.9087397025369,-6.320168594082684,kick
2183.8590703972036,-5.15009734143243,kick
3684.53437425422,-5.051657268619177,kick
4991.359868806144,-5.0208856099524235,kick
274.1091057519003,-6.214808078424858,kick
2360.5825406454514,-4.2832866668216445,kick
5133.942715778023,-4.991032646802743,kick
800.4894298300879,-5.809342970316694,kick
2960.161888620876,-4.688751774929808,kick
2132.1778451078235,-5.809342970316694,kick
3723.135055072123,-4.733203537500643,kick
5713.09158875445,-4.547101257866782,kick
1137.9200721648783,-5.339339341070958,kick
4042.3145951609977,-5.426350718060588,kick
441.8647965443746,-5.952443813957367,kick
5835.322332315809,-4.226933730270512,kick
319.10845302446376,-6.214808078424858,kick
5539.260180235751,-3.5337865497105674,kick
754.4108810704313,-5.878335841803645,kick
4414.9130085268225,-6.214808078424858,kick
1461.426738513127,-5.627021413522739,kick
5411.25400030935,-4.803821104714596,kick
169.61451852024987,-6.1194978986205335,kick
331.58564159430955,-6.214808078424858,kick
960.8876725341081,-5.627021413522739,kick
1549.9025214736316,-6.437951629739068,kick
245.74928088374773,-6.437951629739068,kick
170.89620731365207,-7.824245990858959,kick
4604.969028741945,-4.110673924154651,kick
991.5337110986272,-4.605370165990758,kick
1289.0541493267117,-5.381898955489754,kick
2244.1147207125664,-4.803821104714596,kick
2130.222296812473,-5.684179827362688,kick
1779.8097722139166,-4.4920414806837545,kick
540.7970530640443,-6.1194978986205335,kick
756.8975920426802,-6.214808078424858,kick
3989.6930460808207,-5.521660897864913,kick
997.148192759696,-6.032486521630903,kick
2008.4441821158055,-6.214808078424858,kick
688.8334180730403,-5.952443813957367,kick
1182.9185169971447,-5.259296633397422,kick
2021.547093542807,-4.268897929369545,kick
131.069496155621,-6.214808078424858,kick
2020.658597179925,-5.521660897864913,kick
857.4534653490061,-6.907955258984804,kick
3644.290178467875,-3.5686332810407353,kick
780.8680723717566,-5.521660897864913,kick
3524.4177803825305,-5.221556305414575,kick
5009.065557822076,-3.6890794341166027,kick
4203.06792264801,-5.472870733695481,kick
4273.10073851726,-5.381898955489754,kick
2014.8759471365515,-6.437951629739068,kick
3747.901594661628,-5.744804449179123,kick
4618.96269420655,-3.697111605813867,kick
696.0721235597013,-5.426350718060588,kick
4487.084998393992,-3.411447697518323,kick
3472.6410214563116,-5.809342970316694,kick
268.8015979495542,-6.437951629739068,kick
566.4962000295834,-5.809342970316694,kick
1573.1418345039253,-6.320168594082684,kick
614.8489923314231,-6.437951629739068,kick
604.9176030827928,-6.320168594082684,kick
165.24693140494688,-5.809342970316694,kick
4514.706208181033,-3.697111605813867,kick
3625.6206423181893,-6.1194978986205335,kick
2047.4340189426182,-6.320168594082684,kick
4672.698827469493,-3.4611473660705956,kick
1081.066851729661,-6.437951629739068,kick
1757.858043367746,-4.879807011692518,kick
3916.412975777357,-4.547101257866782,kick
2043.380034785068,-5.116195789756748,kick
1827.5758253738059,-4.906475258774679,kick
3636.701041067517,-3.963516279818363,kick
9021.013956993596,-1.4655375484630098,kick
4285.987008005864,-4.186659831132572,kick
4121.594126750613,-5.627021413522739,kick
3391.951606145183,-4.853831525289257,kick
547.5641064805693,-6.320168594082684,kick
4829.470411042303,-5.298517346550703,kick
322.18535117087526,-6.214808078424858,kick
874.623555700686,-6.1194978986205335,kick
1841.2881084046078,-6.571483022363591,kick
2334.8514654611117,-5.627021413522739,kick
350.72533613195606,-6.437951629739068,kick
1188.640442194999,-5.744804449179123,kick
809.8698818303704,-6.571483022363591,kick
400.9440271587489,-6.214808078424858,kick
302.4340574602714,-6.320168594082684,kick
772.5274278309735,-5.259296633397422,kick
2142.2115644674413,-6.1194978986205335,kick
3718.9030698474608,-3.8730022722775312,kick
1813.374982499371,-5.744804449179123,kick
1369.405396607423,-6.214808078424858,kick
1644.708616412725,-5.0208856099524235,kick
4810.1341654855005,-4.186659831132572,kick
1659.506583446918,-5.627021413522739,kick
4168.675377053509,-4.456950160872484,kick
3615.164526925875,-4.017583501088638,kick
3660.9957181990458,-4.0065336649020535,kick
2653.0195697320505,-4.374258445027371,kick
2592.1937830702627,-4.906475258774679,kick
3838.052458214308,-3.8539540773068364,kick
2945.5323895520605,-5.221556305414575,kick
1853.089131021825,-3.763802980312539,kick
3123.805818502492,-4.474341903584354,kick
2301.1161340505796,-5.952443813957367,kick
1854.2571794023922,-5.878335841803645,kick
1568.6994908961942,-6.214808078424858,kick
5423.894740978635,-3.649858720963321,kick
559.9286404355503,-5.952443813957367,kick
1322.6161634355979,-4.08657637257559,kick
621.2852089235253,-5.878335841803645,kick
1395.1684294911252,-4.879807011692518,kick
1312.0814634029325,-5.627021413522739,kick
1960.841741520796,-6.571483022363591,kick
691.6102883985852,-5.744804449179123,kick
4584.337583738032,-4.510059986186433,kick
2151.1020454602804,-6.1194978986205335,kick
395.56280001038544,-6.725633702190849,kick
705.3732722544345,-5.472870733695481,kick
4381.715087321062,-5.1851886612437,kick
732.0171763409232,-6.214808078424858,kick
3706.967587536059,-4.08657637257559,kick
2983.0900416612903,-4.186659831132572,kick
564.9846912718671,-6.032486521630903,kick
1196.6467259911133,-6.571483022363591,kick
2975.185462675984,-4.52840912485463,kick
4252.484060626759,-4.226933730270512,kick
4514.415943283435,-5.0208856099524235,kick
962.0690025353944,-5.627021413522739,kick
956.7868202894159,-5.051657268619177,kick
1618.4968247035308,-6.725633702190849,kick
2855.1719866345493,-4.625572873308277,kick
2724.874072234762,-4.710730681648584,kick
642.0992705898211,-5.952443813957367,kick
4975.20045465384,-3.963516279818363,kick
875.8124915645402,-5.952443813957367,kick
4778.50354012842,-3.375729614916244,kick
6588.245496760336,-3.4054053830623605,kick
4459.4819071025795,-4.423048609196803,kick
1460.76074983212,-5.472870733695481,kick
1410.6486369398722,-5.878335841803645,kick
405.1786331957387,-5.472870733695481,kick
3669.9384115375888,-4.4398557275131845,kick
191.31336719653325,-6.214808078424858,kick
4252.441337687198,-4.226933730270512,kick
1047.7356052150262,-6.1194978986205335,kick
2475.538283202395,-4.585567538694578,kick
1778.6797907141477,-5.684179827362688,kick
3991.9839875308157,-4.906475258774679,kick
5151.600371630857,-3.604738285682852,kick
2698.3852929099376,-4.406519307245593,kick
2477.8122860428743,-4.199905057882593,kick
4187.1310254770815,-5.744804449179123,kick
4775.833540167065,-5.472870733695481,kick
4294.113005179712,-3.8445643369569975,kick
635.8212162036571,-6.320168594082684,kick
2297.771975395818,-4.933874232962793,kick
1343.3605125459426,-5.572954192252463,kick
368.90003994591785,-5.381898955489754,kick
4293.078521950787,-5.521660897864913,kick
333.27258722469895,-5.572954192252463,kick
1836.0062784110987,-6.571483022363591,kick
1397.964858918996,-5.684179827362688,kick
1981.1748442188427,-4.96204510992949,kick
3946.980589664851,-6.214808078424858,kick
2129.587358820713,-4.566149452837476,kick
482.4466087030632,-6.032486521630903,kick
7606.290350181472,-3.454798138391937,kick
3605.359753999094,-5.627021413522739,kick
1852.0389155800244,-6.571483022363591,kick
3712.6375492390634,-4.240727052402848,kick
1825.1799056874197,-4.406519307245593,kick
4407.743790332876,-3.604738285682852,kick
1623.3437012270495,-5.339339341070958,kick
4609.369991881489,-4.327738429392478,kick
3035.116726661221,-4.110673924154651,kick
3066.883337739862,-5.426350718060588,kick
5224.390240344945,-4.605370165990758,kick
5028.111232832425,-4.2832866668216445,kick
3789.9574993225788,-4.297885466242797,kick
1003.8957528796118,-6.214808078424858,kick
1639.0444683769147,-6.1194978986205335,kick
1665.8568934710734,-5.426350718060588,kick
1928.9507656173655,-5.521660897864913,kick
4782.973934035302,-3.4611473660705956,kick
3005.612810219898,-5.083405966933758,kick
1445.522502491481,-6.1194978986205335,kick
2374.046072542799,-4.667245569708845,kick
1603.961305898221,-5.15009734143243,kick
4232.66027549197,-3.922273321284314,kick
229.9261384705951,-6.320168594082684,kick
1272.1025996235674,-5.521660897864913,kick
2245.7619803493244,-3.2495350123555755,rim
3273.9153560749382,-2.907921376233944,rim
3664.8880288923647,-2.956711540403376,rim
2691.2572058108203,-2.893375665231565,rim
329.41624398208256,-7.131098810299013,rim
5007.14381784736,-3.119230469901151,rim
4398.953540684581,-2.3498766805305626,rim
2135.9331965376737,-3.024331728078355,rim
4891.3482039265,-3.5337865497105674,rim
4514.156272261916,-2.5641498371311195,rim
2419.561820681739,-2.9959322535566573,rim
4408.349271358871,-1.2745952486251482,rim
3417.78075852111,-2.8897720577282664,rim
6350.769595268273,-2.3456925740079884,rim
4483.856039785273,-2.679662724252964,rim
2916.421136854501,-2.745952048288888,rim
3807.9175838640476,-2.7711899808787503,rim
6873.9027153926245,-4.585567538694578,rim
8187.255893465483,-1.7616242494346483,rim
2187.9711599306574,-3.8539540773068364,rim
5163.447496541124,-3.4236429706121414,rim
4346.296652166523,-3.4054053830623605,rim
4023.828503461489,-2.4397509280698695,rim
6861.742601333972,-2.144073381841891,rim
4421.460921141851,-2.3796661173326696,rim
3912.8277222944635,-3.123765625066542,rim
1567.5766507303206,-4.803821104714596,rim
3112.8241009208596,-1.0884659766166316,rim
4787.326274649342,-2.6623212492164767,rim
3247.1643542594234,-2.810282906670028,rim
3657.7443643303445,-2.8509664833064714,rim
4150.656879867731,-2.4037109915866726,rim
2245.8476668485937,-3.2495350123555755,rim
3661.5344388292333,-2.694347275935885,rim
5967.607141343076,-3.114715789546624,rim
993.1813857964729,-3.798894300123809,rim
1565.1881439752929,-4.4920414806837545,rim
5924.091290842653,-2.7616509578319914,rim
3672.4413477574544,-2.733567989089166,rim
5072.27004371154,-2.9879640839074804,rim
3137.382938920347,-2.6424624405668733,rim
2741.7820060828876,-2.999940274954196,rim
4842.23184417887,-1.8827598135572179,rim
842.9715448737979,-3.882664183189268,rim
5220.272723911581,-3.746708546953239,rim
1786.2399148626723,-1.3961407181743624,rim
1778.520458885061,-3.123765625066542,rim
3617.292237871143,-3.146755143291241,rim
2328.4958440699897,-3.244393612855157,rim
6294.779621305799,-3.3583378722043746,tom_high
2118.887650022017,-4.17358774956522,tom_high
329.69805299132577,-2.3667904029726246,tom_high
4841.398129155385,-2.4559362524908868,tom_high
1701.4842656295214,-4.933874232962793,tom_high
5622.832537430289,-3.1702856407014353,tom_high
4431.450451683002,-3.7900053527065634,tom_high
6090.824065362516,-3.540659428998329,tom_high
3299.378478306535,-4.213328078214734,tom_high
3924.692493843657,-4.08657637257559,tom_high
1287.854621288136,-5.259296633397422,tom_high
3717.9904109339413,-4.063045875165396,tom_high
5213.457831188182,-3.3356096211268187,tom_high
4484.779360700847,-4.646192160511013,tom_high
4859.352040293171,-3.7552192366211474,tom_high
1715.5547957790895,-4.098552563622306,tom_high
543.6448166863956,-4.933874232962793,tom_high
2192.846236792483,-3.9530449799510676,tom_high
2832.0259941324884,-3.582919238288212,tom_high
511.6909965395501,-5.339339341070958,tom_high
2211.5041356352576,-4.226933730270512,tom_high
2192.9289887626787,-3.882664183189268,tom_high
2184.7455776505362,-4.710730681648584,tom_high
4801.54221383852,-3.5686332810407353,tom_high
4925.6420674737965,-3.110221399958785,tom_high
2933.0162615366607,-3.604738285682852,tom_high
391.9966446082347,-5.259296633397422,tom_high
2102.350226391846,-5.1851886612437,tom_high
338.7879240782472,-4.879807011692518,tom_high
2116.7303413407135,-5.116195789756748,tom_high
2875.78711647692,-4.063045875165396,tom_high
3790.3601552350638,-3.9956045943698633,tom_high
5734.005284777915,-2.7397408481962473,tom_high
5168.695491478779,-3.963516279818363,tom_high
1649.0418656992447,-5.572954192252463,tom_high
2399.058414452733,-4.585567538694578,tom_high
1627.264909963111,-5.116195789756748,tom_high
2125.168101246832,-4.08657637257559,tom_high
3343.832657935747,-4.110673924154651,tom_high
2888.1456585005626,-4.646192160511013,tom_high
2450.939310431242,-4.8285137173049675,tom_high
3889.971085506611,-3.7552192366211474,tom_high
1221.031187027203,-5.684179827362688,tom_high
3158.852592653765,-3.8078629701065694,tom_high
1152.0440441908736,-5.1851886612437,tom_high
1091.3175332835494,-3.547579871842903,tom_high
2266.7656922852207,-4.474341903584354,tom_high
7607.335076162359,-3.393429192015645,tom_high
6715.528235503958,-1.898654187901684,tom_high
3171.5250191777563,-4.566149452837476,tom_high
349.1169941372991,-5.627021413522739,tom_high
2536.471289736969,-5.116195789756748,tom_high
8791.717821312242,-2.1912436982638046,tom_high
1511.3806266534443,-5.521660897864913,tom_high
4192.479651665551,-3.448488969198672,tom_high
1570.1544842338517,-5.051657268619177,tom_high
5987.546751878255,-2.9152743505392027,tom_high
7946.8626153077785,-2.622990337154053,tom_high
6054.836954223371,-2.648096258285129,tom_high
3727.532242933981,-2.8684189332576975,tom_high
5896.348037083671,-3.5545485411589963,tom_high
3424.5021962148085,-4.08657637257559,tom_high
4524.758641881272,-3.62704404319715,tom_high
2536.3732986117434,-4.585567538694578,tom_high
3182.8733726791065,-3.705208816046486,tom_high
1777.4173007824315,-5.521660897864913,tom_high
3397.904068976396,-3.5134468654734445,tom_high
4758.567859553171,-3.088047542464463,tom_high
5308.732079234589,-3.4611473660705956,tom_high
2342.571416461395,-4.733203537500643,tom_high
3397.990690482361,-3.5134468654734445,tom_high
980.286801721972,-3.8924203581346326,tom_high
3806.046107669157,-3.4804405690052747,tom_high
4712.533117270317,-4.456950160872484,tom_high
5508.73839328201,-3.582919238288212,tom_high
1960.927363451882,-4.312700552027938,tom_high
3522.82300397213,-3.5134468654734445,tom_high
568.6762710228184,-4.710730681648584,tom_high
4027.6744909827553,-4.063045875165396,tom_high
1582.4341960226598,-5.051657268619177,tom_high
3606.8472513600186,-4.710730681648584,tom_high
2710.3128842259266,-3.6653629074992864,tom_high
4041.1612871073653,-3.7299014286368575,tom_high
3837.0802263557443,-4.122944016746465,tom_high
6085.250843999399,-2.886181389597538,tom_high
3508.0151799290734,-3.82604528918976,tom_high
4191.020437479334,-3.5757507488095994,tom_high
3953.911679409624,-4.358510088059232,tom_high
2428.5045816983443,-4.547101257866782,tom_high
4445.383265982079,-4.3430059015232665,tom_high
1629.0738619666056,-5.572954192252463,tom_high
1951.5365303503181,-4.8285137173049675,tom_high
3943.131044839964,-3.8730022722775312,tom_high
2109.300136645245,-5.116195789756748,tom_high
1138.4850722783926,-4.991032646802743,tom_high
2431.439197167865,-4.853831525289257,tom_high
3799.798336867273,-3.5201808976547886,tom_high
4175.739771459541,-4.135366536745022,tom_high
1614.8827403550513,-3.286284554564317,tom_high
519.5291066097528,-5.298517346550703,tom_high
2837.652134478318,-4.199905057882593,tom_high
4336.2676265896935,-2.8684189332576975,tom_high
4336.316568747732,-2.8684189332576975,tom_high
4563.099813150594,-3.713372126685647,tom_high
3375.3435932730436,-2.9189712124205287,tom_high
5564.057580212088,-4.2832866668216445,tom_high
1157.1915682081217,-5.221556305414575,tom_high
1582.0854405016858,-4.879807011692518,tom_high
4986.407357471816,-3.798894300123809,tom_high
718.4392274600109,-5.298517346550703,tom_high
4653.14187071734,-2.5958147517750882,tom_high
7982.879032585107,-2.530941166134466,tom_high
3925.161827505094,-3.8924203581346326,tom_high
1357.0470488343867,-4.566149452837476,tom_high
591.6339661822085,-5.878335841803645,tom_high
4605.161615541972,-4.52840912485463,tom_high
3373.4755060199054,-3.214088263359828,tom_high
3499.652457721196,-4.933874232962793,tom_high
386.2485255060493,-5.339339341070958,tom_high
3171.313538331695,-4.566149452837476,tom_high
2266.7792943513705,-4.474341903584354,tom_high
947.6776770456164,-5.809342970316694,tom_high
1426.1911105476368,-5.381898955489754,tom_high
4480.797873031552,-4.374258445027371,tom_high
3728.113186031095,-4.063045875165396,tom_high
5133.745884872656,-2.9376633454326817,tom_high
3161.76124680017,-4.028756801686764,tom_high
4521.0755871074525,-4.0065336649020535,tom_high
2991.6046588770605,-4.688751774929808,tom_high
1799.160418815876,-4.0747419149285875,tom_high
2165.337526397637,-3.963516279818363,tom_high
1122.9864075959572,-3.9122229854308124,tom_high
1704.0345660454705,-4.605370165990758,tom_high
2105.591681726949,-5.521660897864913,tom_high
4123.693701110148,-4.585567538694578,tom_high
5476.752005995512,-3.763802980312539,tom_high
1191.9432725196914,-4.585567538694578,tom_high
481.5265003827126,-5.221556305414575,tom_high
2143.21175045029,-3.381594734368642,tom_high
1983.5447598889004,-4.991032646802743,tom_high
518.2568356142176,-5.15009734143243,tom_high
4771.667657634969,-4.110673924154651,tom_high
2252.4786968597164,-4.406519307245593,tom_high
5324.601713629154,-3.984793678265648,tom_high
4926.731207535748,-3.5686332810407353,tom_high
2391.928878050863,-5.083405966933758,tom_high
2490.233118115159,-4.688751774929808,tom_high
1590.7791557817804,-5.298517346550703,tom_high
638.7190276371263,-4.8285137173049675,tom_high
4285.85953991469,-4.879807011692518,tom_high
3205.944586644624,-4.063045875165396,tom_high
2408.1180997174233,-5.15009734143243,tom_high
917.0818997327807,-4.667245569708845,tom_high
6051.01633670817,-2.9761296262604775,tom_high
300.6871883581883,-5.116195789756748,tom_high
3519.997072846589,-3.86343282126138,tom_high
7094.053564041647,-3.411447697518323,tom_high
937.5951672431563,-5.116195789756748,tom_high
1002.8301499403899,-4.063045875165396,tom_high
3585.7991646502555,-3.1895170026293225,tom_high
2940.959362215167,-4.063045875165396,tom_high
1145.5264890877636,-5.221556305414575,tom_high
7196.292104390254,-2.7062521784422033,tom_high
444.07137274268973,-5.15009734143243,tom_high
2410.7440158080685,-4.098552563622306,tom_high
3476.3320751674573,-4.0065336649020535,tom_high
1197.403810192199,-1.8920008034109475,tom_high
2154.856612311877,-4.2832866668216445,tom_high
5154.874509051175,-4.358510088059232,tom_high
2182.9417034183202,-5.221556305414575,tom_high
4514.449825740801,-5.627021413522739,tom_high
4190.392463455871,-4.199905057882593,tom_high
7357.387536720986,-2.202035169896569,tom_high
533.7652536354251,-2.3270777655657566,tom_high
1148.5518275251195,-5.572954192252463,tom_high
737.2774430250261,-4.8285137173049675,tom_high
2412.5358927483,-4.605370165990758,tom_high
6384.128856885283,-2.405925831916225,snare
2357.040401241141,-3.1895170026293225,snare
8857.965506189645,-2.8897720577282664,snare
3593.2415638635403,-3.4422193561850767,snare
1663.58676474036,-3.882664183189268,snare
4526.109220450502,-2.598499317145757,snare
2497.4344852965232,-3.9740983891489,snare
2541.640096222276,-3.6811112644674258,snare
4523.297789077361,-4.17358774956522,snare
3034.8641593426087,-3.1895170026293225,snare
1255.8632685672378,-4.456950160872484,snare
4834.702194103251,-3.2703690992584176,snare
3570.357548276931,-3.393429192015645,snare
4449.942002492503,-3.0039644252539217,snare
5267.19194705711,-2.793808069466523,snare
6906.978025966963,-1.9053521365858117,snare
2909.9092738110858,-3.2598977993911222,snare
2268.308891212869,-3.642195848217752,snare
4666.977099289528,-2.546131331628441,snare
5305.69755103709,-2.337376517766331,snare
5284.171539634391,-2.3561858497238273,snare
3875.7011114511765,-2.503678015376102,snare
4350.319152729209,-3.4236429706121414,snare
4550.339673295795,-2.9528727640962105,snare
4947.231969501847,-2.3818282803371646,snare
1621.5809134819438,-3.932425692748332,snare
4967.439101268215,-2.282982445700532,snare
4945.423419393979,-2.6174958178364123,snare
3604.1475508081166,-3.561566113817643,snare
3105.3712496164817,-3.454798138391937,snare
5453.784544352754,-2.157819302746526,snare
5028.94040037802,-2.3646604767147994,snare
6187.3522659379505,-2.097398243271761,snare
2683.99119276268,-3.86343282126138,snare
6372.809543610492,-2.2693502969104746,snare
4507.003066276255,-2.6709543963611795,snare
6291.099887666917,-2.5012360117205503,snare
6199.759083682812,-2.408145588654538,snare
4890.738650840633,-2.7776002592396694,snare
3898.6967603036665,-3.5974122455907787,snare
5658.287352569436,-2.265489288253015,snare
2502.2798116865897,-2.7490721756251313,snare
6681.25177500773,-2.0528048677289426,snare
4861.071359373072,-2.261643129665537,snare
5263.004815359477,-3.275646156359261,snare
3828.0665221918352,-2.5334568907317134,snare
4873.841725842395,-2.474760337736522,snare
4844.746454910854,-2.3067930943942505,snare
4900.635616286943,-2.329129048336314,snare
4619.174617471404,-2.4193188892526636,snare
4289.625248363078,-2.5745937962922025,snare
4097.702480128238,-3.4675371641693666,snare
2178.738941315517,-3.835261944294684,snare
6227.779298669323,-2.430618444506597,snare
5546.693964085535,-2.184113543279213,snare
3316.633693717393,-3.2240883466944115,snare
6434.520681422951,-1.8568180215792176,snare
4415.018015769222,-2.6396573896392646,snare
5506.962760723486,-2.7872933884453293,snare
4186.349976913238,-3.045122497747429,snare
2585.1606958248076,-3.045122497747429,snare
6682.728627694456,-2.220283851484968,snare
2107.5642848674697,-3.204187192377116,snare
4689.943885978384,-2.593137374004372,snare
2965.135816797,-3.6653629074992864,snare
5494.52368414384,-2.1221315733034545,snare
4133.394599201775,-2.9414440682725878,snare
3036.4232767678673,-3.2809512085889545,snare
5476.18386238609,-2.587804028029009,snare
3343.433969279516,-2.745952048288888,snare
3300.975617201656,-3.2809512085889545,snare
2531.2643354189513,-3.1943831922804953,snare
3722.0133320673804,-3.1283214416024028,snare
4126.029369295997,-4.063045875165396,snare
3740.0520543801167,-2.5512464322952115,snare
4432.778412906448,-2.2869117238404217,snare
8611.620322862513,-1.5299029244179132,snare
4112.0098453565915,-2.7032626395938375,snare
4434.774405693703,-2.685510694135387,snare
4157.954144449564,-4.147945318951882,snare
5457.406450761014,-2.235126424522897,snare
7858.967619216576,-2.685510694135387,snare
7267.200389543017,-1.804436970741834,snare
8886.473461609232,-1.6400970999214752,snare
5811.726471062722,-2.3189144549265954,snare
3117.3562653463223,-3.8445643369569975,snare
2784.649519111609,-3.214088263359828,snare
4766.992430459601,-4.566149452837476,snare
8486.517800479352,-2.8579109556592823,snare
4760.492285546725,-3.763802980312539,snare
4686.805501870687,-2.9226817918170647,snare
9819.258149975965,-1.470745893570148,snare
3425.8570110445894,-2.8338134040802223,snare
6551.486673030573,-1.7792406768229467,snare
4646.907549868492,-2.6174958178364123,snare
5373.938494929527,-3.2341894426809152,snare
5782.281090997463,-4.213328078214734,snare
4372.8003444887145,-2.755341788638727,snare
5293.544887057013,-1.904008953039344,snare
5175.858697441923,-2.558968478389122,snare
9547.36836002486,-2.257811707353981,snare
5571.348502690968,-2.209294729909373,snare
3863.9605542825166,-2.9414440682725878,snare
4550.339673295795,-2.9528727640962105,snare
4630.737165633714,-2.235126424522897,snare
5604.443338867508,-2.548685611433538,snare
5225.298855963907,-2.292834742143544,snare
5002.320473309464,-2.444348637318499,snare
2809.337732407439,-3.393429192015645,snare
3497.419728569922,-2.577221918698472,snare
4971.343682900177,-2.797081394811492,snare
6530.338285807682,-2.0206181812330413,snare
5116.959252459377,-2.034285819961705,snare
6008.035864651447,-1.9243486372764669,snare
3235.009923940742,-3.307907018577483,snare
2326.42876502327,-4.135366536745022,snare
4798.96774971707,-2.648096258285129,snare
9269.656584251203,-1.7138879138105658,snare
6143.431864763383,-2.157819302746526,snare
5396.964632103438,-2.1254760580263015,snare
3506.3932602795458,-3.066354717853203,snare
4145.266701591901,-2.6340707829306247,snare
5910.326059425905,-2.2276776005099066,snare
4436.791934920708,-2.435174261042458,snare
4409.646612017982,-2.5641498371311195,snare
5015.3315407582595,-3.318896140153078,snare
5808.397604460019,-2.3148576542309813,snare
5908.498750911644,-2.0957709036123857,snare
3092.892600905379,-3.2495350123555755,snare
3819.839977860114,-2.530941166134466,snare
6648.435441684728,-1.8240695031489549,snare
2860.801634991048,-3.486955250026468,snare
4416.062959876583,-3.3993993590021487,snare
5716.631626653093,-2.1022962122473086,snare
6764.731344920736,-2.133886536534898,snare
5061.630894235019,-3.160806896746891,snare
4043.9699529797504,-3.040929619487393,snare
3047.1169065028475,-3.8539540773068364,snare
4741.295753224936,-2.8509664833064714,snare
5265.785470128478,-3.3412434388450745,snare
4592.487305092943,-2.956711540403376,snare
4705.430893898987,-2.2129443689969226,snare
3543.015438350435,-4.358510088059232,snare
4262.3219654071545,-2.6174958178364123,snare
4935.743078973709,-3.219075804870867,snare
3215.1315533046027,-3.0325962379282485,snare
3476.0865569958987,-2.72437956303476,snare
3038.022176881739,-3.4236429706121414,snare
3931.9927574035496,-2.847512248438384,snare
5855.883207151392,-4.756193055725341,snare
4386.992590513544,-3.123765625066542,snare
5364.655099825914,-2.9879640839074804,snare
3443.7389739875443,-2.9414440682725878,snare
2514.200274693567,-3.307907018577483,snare
3910.444511658428,-2.4559362524908868,snare
3835.226941777859,-2.813610696762703,snare
2292.1540288625265,-2.8649039911502534,snare
3484.3108275204304,-2.9879640839074804,snare
3368.5086651999372,-3.5337865497105674,snare
2936.1682705442236,-3.7552192366211474,snare
2060.7391941278215,-3.454798138391937,snare
5536.3472900992465,-2.5184566094722207,snare
2852.5670559552514,-3.922273321284314,snare
2065.394283040496,-3.2240883466944115,snare
3787.280205148049,-3.7299014286368575,snare
2907.4651894043736,-2.76800018551065,snare
4521.115700922179,-2.694347275935885,snare
6065.256370621756,-3.275646156359261,snare
8271.21777343913,-1.6257672743666503,snare
7858.243418897571,-2.52843175452904,snare
5984.595065657876,-2.2869117238404217,snare
3193.7274513936936,-2.830417815079084,snare
3102.810278898926,-3.302457413809918,snare
4158.31772316706,-2.8372205624018365,snare
3823.595700988949,-2.3667904029726246,snare
4810.475925531949,-2.506125997014742,snare
2496.1305134215145,-3.286284554564317,snare
4344.509698275982,-2.7183005169583776,snare
2380.675739931862,-3.214088263359828,snare
3329.213119656385,-2.980058904400367,snare
3694.0233423226364,-3.3526071974953897,snare
8318.491736515876,-1.8893517952393708,snare
5951.121106520912,-2.5641498371311195,snare
4449.150932880465,-3.1283214416024028,snare
2217.533765737498,-3.275646156359261,snare
2967.71311616825,-3.2598977993911222,snare
2702.270580710824,-3.297037346340579,snare
2280.598121468448,-4.05148505276432,snare
4530.0710633496965,-2.5745937962922025,snare
3755.10738661725,-2.968317086523684,snare
2530.2459126304084,-3.318896140153078,snare
4506.409503177252,-3.7382696783073746,snare
2406.9239527901746,-3.5201808976547886,snare
3704.311262623347,-4.063045875165396,snare
2702.130619702776,-3.5974122455907787,snare
4868.920948897811,-2.582498975799316,snare
2285.798050429165,-3.454798138391937,snare
4936.625348679461,-3.012061635486541,snare
3699.708932880465,-3.4175267435947054,snare
4513.896406401264,-3.835261944294684,snare
5058.921239180098,-2.5512464322952115,snare
3069.360655124085,-3.123765625066542,snare
2808.6976556547775,-3.746708546953239,snare
4860.482958517233,-2.1700039617628937,snare
4190.37951246277,-3.7382696783073746,snare
5523.94094639531,-2.546131331628441,snare
4202.31389029391,-2.76800018551065,snare
2185.159549148149,-3.82604528918976,snare
4676.745403586886,-1.7851824649516974,snare
6748.048681794414,-6.725633702190849,snare
3053.9646066457435,-3.346909176380752,snare
5649.563246840668,-2.0221276154818955,snare
3002.8149770767964,-3.0535613663932937,snare
2245.853027056744,-3.963516279818363,snare
4424.714003299802,-4.05148505276432,snare
2683.9665808404807,-4.254713294377589,snare
2492.3251681804663,-4.406519307245593,snare
2967.485479065407,-3.142114763734739,snare
2109.8173941692435,-4.135366536745022,snare
3490.6724184484683,-3.9122229854308124,snare
5754.415919260529,-2.0496944453145503,snare
1861.6151482528549,-3.5067578773226478,snare
5215.923261664123,-2.5184566094722207,snare
2806.6108584158046,-3.254702982514018,snare
3822.8170613650072,-3.020224946125702,snare
1974.7140502785905,-4.0747419149285875,snare
7966.4808902602645,-1.8093090875658342,snare
5742.383350096254,-3.3993993590021487,snare
3393.7249834933555,-3.4054053830623605,snare
4615.011355268928,-3.123765625066542,snare
7894.115428468851,-1.8302845635523892,snare
5201.900493779702,-2.1355771540128057,snare
7626.9667684098395,-1.4517798078211863,snare
6797.551162571897,-2.4420471403302195,snare
3177.8241982598956,-3.012061635486541,snare
4379.791245811013,-2.8509664833064714,snare
3992.952543895527,-2.496369822069377,snare
4400.5002290336815,-3.024331728078355,snare
4544.89565528365,-2.76800018551065,snare
4425.139664707909,-3.0039644252539217,snare
3705.063682194954,-3.302457413809918,snare
4154.022985777663,-2.566750618831177,snare
3201.901165561023,-3.902272654577644,snare
6438.965928503212,-2.1787990932157206,snare
2402.5376442642037,-3.142114763734739,snare
2415.6323743808516,-3.6890794341166027,snare
3692.030938591355,-2.6623212492164767,snare
3849.9569622393665,-2.6913930640384534,snare
4231.307159673066,-2.6065965273783767,snare
3798.952018756181,-2.7002820114556996,snare
6858.128406903643,-2.4466554434164136,snare
3060.4332983539484,-3.902272654577644,snare
4369.520205164703,-2.679662724252964,snare
3444.895835379827,-3.6653629074992864,snare
1969.0387881991091,-3.798894300123809,snare
2913.4618659258117,-3.7724610430556536,snare
4746.3988498655835,-2.4015010459358694,snare
7529.8163690368965,-2.590467145448493,snare
1555.401659873773,-3.942682192915521,snare
5825.311949435719,-2.302785072996712,snare
5014.532697982271,-3.657580767057232,snare
6128.757616867828,-2.090904713961213,snare
4085.867084830877,-2.9152743505392027,snare
6281.141312882806,-2.430618444506597,snare
3269.8149663497934,-4.52840912485463,snare
2091.1993563831884,-3.2091254740176987,snare
4194.21259910701,-2.810282906670028,snare
2230.3532292472355,-3.3698986946054506,snare
4171.000134714792,-2.3415259013131426,snare
3807.435037635696,-3.0161349608741768,snare
3426.689061720949,-2.893375665231565,snare
5854.283340543057,-2.1612855107230122,snare
4126.3667013735785,-2.5745937962922025,snare
7225.866192060056,-1.6577782677647015,snare
1255.8632685672378,-4.456950160872484,snare
3724.860507529312,-2.9414440682725878,snare
1969.0175376840089,-2.057488717041369,snare
2162.2966723790696,-4.3902587863738125,snare
3987.2994524414075,-2.465304002494487,snare
3231.915330617741,-3.132898108629815,snare
6833.951218663415,-2.1665074547041643,snare
4580.276409687881,-3.942682192915521,snare
3750.4674302791145,-3.1012927692144836,snare
4248.544154677864,-2.5958147517750882,snare
5218.018918562961,-2.5719725628123284,snare
4146.458507401116,-2.6537619958208065,snare
4173.078234671189,-2.3007870703340387,snare
5094.001695230559,-3.5001133346039794,snare
4452.313529811414,-2.609310233249973,snare
4309.798335831371,-2.593137374004372,snare
4038.5813007812194,-2.721335420653532,snare
8971.161778734318,-2.7366496556265743,snare
4399.878090490051,-3.07497546089711,snare
3162.902063429561,-4.213328078214734,snare
4492.910424826135,-2.546131331628441,snare
5429.6740583330275,-2.421568608986679,snare
4688.227731666317,-3.151417156397052,snare
3377.4873111168877,-3.984793678265648,snare
4518.540335963979,-2.265489288253015,snare
2021.362466194084,-3.214088263359828,snare
5402.348858673324,-2.8969923057017537,snare
2644.315878779162,-3.142114763734739,snare
4982.306401582663,-2.9722157269393414,snare
4113.979150825293,-2.2693502969104746,snare
4711.479739226131,-2.25399490882728,snare
4967.798029077907,-2.7840518945211583,snare
5477.70065411028,-2.4125999390039183,snare
5211.895592001459,-2.530941166134466,snare
3925.66076167904,-3.9740983891489,snare
4667.361697514474,-2.7808208739397116,snare
4588.045882414153,-3.110221399958785,snare
5197.455245223481,-2.8579109556592823,snare
4625.296358241061,-3.114715789546624,snare
9196.887473534089,-1.3557711684797162,snare
6317.821864392392,-2.0012000953759395,snare
2284.5779660549356,-3.697111605813867,snare
6200.292121562436,-2.0161035008785144,snare
4051.8747316839476,-2.758491397541623,snare
4362.571522035578,-3.0367542480769125,snare
4867.415259202006,-2.6065965273783767,snare
4944.400123285581,-4.585567538694578,snare
3854.0850492102336,-3.5067578773226478,snare
3703.8527110887926,-3.302457413809918,snare
9434.82451090908,-1.587876400655254,snare
3885.000018867158,-3.7724610430556536,snare
3449.6897540009204,-3.2809512085889545,snare
4915.750386258962,-2.6120313233643335,snare
4827.8325842729355,-2.421568608986679,snare
5872.4001876472175,-2.474760337736522,snare
4036.2066330227117,-2.511040011817171,snare
5452.837403231095,-2.2295346112571193,snare
3533.6849184538537,-2.968317086523684,snare
5475.8964268487125,-2.118798236883696,snare
5510.6040850617155,-2.3189144549265954,snare
4736.4663954170655,-3.697111605813867,snare
3902.9055834334285,-2.9006220737523325,snare
2057.470899293578,-3.146755143291241,snare
4491.632758813628,-2.235126424522897,snare
6601.0899230546775,-2.4843069496201022,snare
3745.3105838476495,-2.9115911051229064,snare
2472.879633648175,-3.932425692748332,snare
10064.822594326353,-1.921612657457592,snare
3488.716816874457,-3.3698986946054506,snare
4367.695099538187,-2.9152743505392027,snare
2797.9732957340666,-2.956711540403376,snare
2721.637818412069,-3.922273321284314,snare
5073.079673305827,-2.383995128422255,snare
2313.950177317018,-3.012061635486541,snare
2924.7480758961883,-3.4175267435947054,snare
2682.094153986373,-3.746708546953239,snare
1961.515208164887,-3.3698986946054506,snare
2982.062660456545,-3.393429192015645,snare
4492.911417797282,-2.343607067516967,snare
3697.262358966559,-3.6653629074992864,snare
3358.050546014321,-3.142114763734739,snare
3252.8156928955777,-3.7724610430556536,snare
8771.9042539433,-1.6400970999214752,snare
2806.6108584158046,-3.254702982514018,snare
4542.980555916346,-2.383995128422255,snare
3223.1450265287435,-4.05148505276432,snare
4117.762838131345,-3.3412434388450745,snare
4384.526609412316,-3.0284554452622174,snare
5208.844636563021,-2.4260832893412054,snare
4538.414421428318,-2.742841625874495,snare
5125.546600410124,-2.548685611433538,snare
4010.792108253877,-3.066354717853203,snare
3637.5024068485427,-3.2240883466944115,snare
5337.335602567002,-2.3189144549265954,snare
6677.178586454575,-1.8801351401344466,snare
5574.0604616050405,-2.2968030013191645,snare
3304.797490942774,-3.902272654577644,snare
4263.309061788017,-3.381594734368642,snare
3429.6947893221513,-2.9959322535566573,snare
2172.8132301657542,-3.3356096211268187,snare
2709.3301636462425,-3.2598977993911222,snare
2155.551856398492,-3.657580767057232,snare
7410.414553647934,-1.9066971267011446,snare
4491.566331875707,-3.2091254740176987,snare
6299.497104715842,-3.486955250026468,snare
3383.4314723100015,-2.907921376233944,snare
3945.853810839298,-2.2968030013191645,snare
4606.006864266351,-2.721335420653532,snare
4581.564856251621,-2.7522020686340594,snare
6083.991003001371,-2.1770338676911516,snare
3427.6964416971146,-3.375729614916244,snare
2575.3083519944707,-2.980058904400367,snare
3415.7125916393425,-3.307907018577483,snare
3390.6029095400436,-3.1846743781535345,snare
2874.567119259343,-3.9740983891489,snare
5964.121401618651,-2.4328937583437322,snare
4410.351039472599,-3.0325962379282485,snare
2350.364247628168,-4.327738429392478,snare
2942.3003346948585,-3.307907018577483,snare
3415.750132735218,-3.307907018577483,snare
4221.0515941740905,-2.758491397541623,snare
5494.52368414384,-2.1221315733034545,snare
5957.144294326934,-2.261643129665537,snare
2967.4212965697775,-3.4422193561850767,snare
7501.559916823097,-1.7851824649516974,snare
4512.32126016245,-4.063045875165396,snare
4599.59868506358,-2.005647841774176,snare
6132.892588526081,-1.9691740686565313,snare
6758.751459833111,-1.9270921232222178,snare
4416.6592479446335,-2.3332442804814204,snare
4284.642843562604,-2.7616509578319914,snare
4019.314921577672,-2.6709543963611795,snare
3117.634278596884,-3.297037346340579,snare
5847.720431751726,-2.1770338676911516,snare
4088.6336305099235,-3.4175267435947054,snare
4033.8291329087633,-3.454798138391937,snare
2880.906117688696,-3.4359888064344406,snare
4073.1710903436656,-3.088047542464463,snare
5402.199679971942,-3.649858720963321,snare
4233.5960173903995,-2.33118454751841,snare
5809.811453591281,-3.381594734368642,snare
6034.359411413436,-2.8509664833064714,snare
4073.9402609857316,-3.4804405690052747,snare
3207.7087157648803,-3.4236429706121414,snare
5033.489170049748,-2.368924875501257,snare
5062.908528717546,-3.8539540773068364,snare
4416.6592479446335,-2.3332442804814204,snare
3560.530821868051,-4.358510088059232,snare
8868.99901365481,-1.6076398897740936,snare
3837.8986764884376,-3.2598977993911222,snare
4699.8072304032785,-2.8579109556592823,snare
4873.490179584149,-3.561566113817643,snare
5035.998912995801,-2.7648205325932707,snare
3554.5606908344744,-3.1012927692144836,snare
2597.1167789411506,-3.3526071974953897,snare
1586.3960298257928,-4.3430059015232665,snare
4622.85932609683,-2.47713846014149,snare
1974.7821796180172,-4.0747419149285875,snare
2996.492754634359,-2.9115911051229064,snare
4095.163853337623,-2.840639369150622,snare
6232.708889499531,-2.0892878987343075,snare
4437.457476505477,-4.0747419149285875,snare
2380.675739931862,-3.214088263359828,snare
6423.661564579788,-2.6396573896392646,snare
2387.4334540065265,-3.604738285682852,snare
4123.652206928444,-3.318896140153078,snare
2949.952449924821,-3.132898108629815,snare
4291.20276686874,-2.6120313233643335,snare
4776.775628694619,-2.320949043624383,snare
5525.2154252631335,-2.421568608986679,snare
2644.315878779162,-3.142114763734739,snare
3207.7087157648803,-3.4236429706121414,snare
3390.4734444307796,-3.045122497747429,snare
3902.4476538228287,-2.609310233249973,snare
4287.554401340385,-2.813610696762703,snare
10023.044280879001,-2.3250306819440314,snare
4849.062042906092,-3.590139486261699,snare
3603.546693793322,-2.9006220737523325,snare
4409.854920409592,-2.827033717094843,snare
5010.834050602176,-2.4374599763233133,snare
4336.692497525264,-3.045122497747429,snare
4485.847079695083,-2.3561858497238273,snare
3698.3669756398176,-3.114715789546624,snare
4143.281981461612,-2.6285152130860228,snare
3226.6824817950774,-3.590139486261699,snare
5454.210763394926,-2.566750618831177,snare
5171.891581341266,-2.2445161648727363,snare
3904.7377996486202,-3.302457413809918,snare
3301.0648093883824,-3.2809512085889545,snare
6965.912686621156,-2.4629538251495333,snare
3704.3670997683857,-2.7840518945211583,snare
6949.103013134401,-1.8428317796044777,snare
5287.8027962538345,-3.297037346340579,snare
7767.9052081935315,-2.930144513018654,snare
4621.451311077567,-2.999940274954196,snare
4932.592148424617,-2.7776002592396694,snare
2518.3234604259574,-3.3993993590021487,snare
4975.706827932725,-2.2968030013191645,snare
3978.2760615468023,-2.435174261042458,snare
4498.77502412801,-3.5686332810407353,snare
2326.3175793877954,-4.135366536745022,snare
1663.9453211817304,-4.040056356940697,snare
2906.58417695009,-3.330007365578149,snare
4169.085408259705,-3.454798138391937,snare
4092.585365817112,-2.813610696762703,snare
4728.849772602407,-4.098552563622306,snare
4569.357552726666,-2.474760337736522,snare
6949.747838466267,-7.418780882750794,snare
4886.969377452067,-2.87548610048079,snare
3108.363637617743,-3.473968054499657,snare
3309.234156826561,-3.275646156359261,snare
4691.536959707437,-2.930144513018654,snare
2155.5615826341837,-3.657580767057232,snare
7143.106829341923,-2.7002820114556996,snare
4121.90619497079,-2.5159782934577537,snare
2676.3503798019497,-3.604738285682852,snare
4450.779248240215,-3.0161349608741768,snare
4090.0319263725423,-3.963516279818363,snare
5797.590581289558,-3.4804405690052747,snare
4954.880375464058,-2.755341788638727,snare
3808.4335747057976,-2.968317086523684,snare
3989.2541390256492,-2.506125997014742,snare
4222.108924357284,-2.6424624405668733,snare
3802.750586839723,-2.8969923057017537,snare
10174.385727706813,-1.3801147341585178,snare
4904.086611232393,-4.135366536745022,snare
4049.8924635313087,-3.2291261407243685,snare
7266.92800360116,-1.6525453934480432,snare
9689.36354998738,-1.5888553532542382,snare
4255.3389903535635,-3.3698986946054506,snare
1843.064482469608,-3.473968054499657,snare
3300.21905563382,-3.3356096211268187,snare
3509.070296309799,-2.6011911088114688,snare
3286.4012220857708,-3.4054053830623605,snare
2365.6598859534097,-3.318896140153078,snare
5234.069889843542,-2.9006220737523325,snare
1794.40781495084,-3.619553371467992,snare
3703.787777370754,-3.3583378722043746,snare
7138.774028573511,-3.179855091717586,snare
7470.197435012305,-3.7216026258221624,snare
4224.287783784921,-2.9226817918170647,snare
2437.027498109247,-3.604738285682852,snare
7319.71263672392,-1.8415699497840556,snare
1965.964335567946,-3.4422193561850767,snare
4948.375076818527,-3.070655799752594,snare
5478.957455548353,-2.6913930640384534,snare
5191.455135003237,-2.535978960164423,snare
3193.7274513936936,-2.830417815079084,snare
7138.759652532603,-3.179855091717586,snare
3316.633693717393,-3.2240883466944115,snare
3112.312737071948,-2.7490721756251313,snare
4844.644694292049,-2.810282906670028,snare
6095.777593587888,-2.01460312550328,snare
6006.032108299065,-2.535978960164423,snare
4658.03721053287,-2.6368601850182034,snare
2847.8255934571016,-3.7552192366211474,snare
4211.122823806792,-2.745952048288888,snare
2661.5773091831493,-3.286284554564317,snare
3602.436032909977,-2.6623212492164767,snare
2882.475435965265,-2.622990337154053,snare
4102.977382248197,-3.254702982514018,snare
4119.222822770882,-3.4422193561850767,snare
5137.511719412706,-3.4236429706121414,snare
2315.4983408323365,-3.8169128056264876,snare
3547.668807119232,-2.9490486676578067,snare
5408.468255851252,-2.2258240318605838,snare
10216.458699531411,-1.3058364381051024,snare
5125.569878917203,-2.548685611433538,snare
5657.249868365139,-2.081242803049476,snare
4437.213939650828,-3.4054053830623605,snare
5605.599728828867,-2.2038451251418083,snare
6835.2019961936685,-1.9381419594088027,snare
5402.364282669918,-2.8969923057017537,snare
4044.4825465691983,-2.8649039911502534,snare
4714.138929795444,-3.5001133346039794,snare
5487.435801953033,-2.1204635162027574,snare
4236.375144787023,-2.3229877803142314,snare
5556.88611436891,-2.3168839973762134,snare
4123.569849630414,-2.631289139968748,snare
6351.516847136694,-2.820299684913499,snare
3787.2792777062173,-3.7299014286368575,snare
4528.828854449256,-2.5435835595496425,snare
6167.833595972592,-2.3394490573683036,snare
2631.380840044162,-3.7552192366211474,snare
6078.7789236335575,-2.3710639137500062,snare
3900.673553443931,-3.199273177574687,snare
5367.511467599656,-2.6913930640384534,snare
6262.76777132626,-2.002680480546374,snare
6042.746186220945,-2.2276776005099066,snare
3442.9034939329335,-2.907921376233944,snare
2820.8145537210826,-2.956711540403376,snare
2261.5270036371294,-3.5757507488095994,snare
5187.268669360701,-2.511040011817171,snare
6962.338203510529,-1.7686336239272247,snare
3283.4933318625535,-3.4359888064344406,snare
2065.1840120293673,-3.8169128056264876,snare
4677.218460830504,-2.1474921885906766,snare
4199.857913365978,-2.8969923057017537,snare
2985.8003353439935,-3.3412434388450745,snare
2565.5229449768294,-3.244393612855157,snare
3444.940805004679,-3.079313862495708,snare
3992.7271729991608,-3.4675371641693666,snare
2461.581430536168,-3.297037346340579,snare
3936.8729967506797,-2.9959322535566573,snare
5288.144685983252,-2.2482968877126424,snare
3765.2653568461815,-3.486955250026468,snare
2904.900210672429,-2.945239139241139,snare
3571.1665930135828,-2.960565109719366,snare
2196.7006392728244,-4.4398557275131845,snare
2379.62688579768,-3.286284554564317,snare
3456.9745644545847,-2.733567989089166,snare
3773.083400414871,-2.810282906670028,snare
5451.627209692178,-2.1121647133880623,snare
3746.010511200395,-3.4422193561850767,snare
4554.726800915657,-3.151417156397052,snare
7074.790657519175,-1.954949077725184,snare
2490.9458774022155,-3.3412434388450745,snare
2038.097687909466,-3.619553371467992,snare
3935.5281616871084,-3.5067578773226478,snare
4581.7288614165955,-2.4283482959720577,snare
4101.597918585414,-2.968317086523684,snare
3646.274419329298,-2.9042650650308337,snare
7804.830949333402,-1.8178928312572258,snare
7192.869057606876,-1.7028502741589453,snare
4166.3710779595285,-3.146755143291241,snare
4605.827275325811,-3.4935126505726273,snare
4915.6117666151185,-3.713372126685647,snare
3847.2882291335027,-3.175058919454093,snare
5935.573687624321,-2.362535077402486,snare
2875.3189573004647,-3.86343282126138,snare
3030.831718581647,-3.2091254740176987,snare
8953.676876640264,-1.5188835291683025,snare
6512.128328391751,-2.236997332458709,snare
2217.533765737498,-3.275646156359261,snare
4673.033281880328,-2.1612855107230122,snare
5049.900129602482,-2.2674179291594205,snare
5313.197356218219,-2.590467145448493,snare
5038.272063503017,-2.830417815079084,snare
3871.4822174856126,-2.5615558019540727,snare
3280.2413504198603,-3.9122229854308124,snare
4294.345142540318,-3.7299014286368575,snare
3267.0171587956474,-3.083671167864664,snare
4483.764253985627,-3.1846743781535345,snare
4395.764651172447,-3.984793678265648,snare
3814.7144190914987,-2.930144513018654,snare
8787.471839249723,-1.6359818677763687,snare
3987.578431036449,-2.6680683914720444,snare
4276.121550137238,-2.335308264702272,snare
2856.9289785226433,-3.020224946125702,snare
4132.2420026923355,-2.721335420653532,snare
4017.119738476546,-2.6257489595931327,snare
8468.666137559825,-1.5345304199499612,snare
2904.342742213511,-3.561566113817643,snare
2626.2429084001733,-3.2916464977057025,snare
6705.304050719786,-2.1254760580263015,snare
4671.037753948659,-1.7194527584439732,snare
5576.882456959109,-3.265119743372274,snare
1370.1352213721625,-3.8730022722775312,snare
5230.022240965173,-2.4867079111576404,snare
4379.245371749064,-3.132898108629815,snare
2882.475435965265,-2.622990337154053,snare
8442.068010239564,-1.6693878968425406,snare
3664.72834884579,-2.9959322535566573,snare
6134.648795922249,-2.1630231306215535,snare
2208.6893455150393,-3.2091254740176987,snare
1501.319145138402,-3.9530449799510676,snare
3426.879959255457,-3.835261944294684,snare
4138.259219641215,-3.146755143291241,snare
6610.198784351893,-2.2559014870978613,snare
3758.3688908348176,-3.8539540773068364,snare
3795.065812192502,-3.1057471195638637,snare
3345.8302306040287,-3.393429192015645,snare
4396.507972655292,-3.1943831922804953,snare
4516.914486352682,-2.6011911088114688,snare
4647.35192056954,-2.8684189332576975,snare
2851.8316032395933,-3.096858172146618,snare
4924.047256265812,-3.2240883466944115,snare
7041.141118709673,-1.6318835013840862,snare
4185.743856959385,-3.411447697518323,snare
4007.127497873485,-2.4125999390039183,snare
3745.2744022169495,-2.9115911051229064,snare
4396.196934547747,-3.219075804870867,snare
5204.453424318006,-2.6884475538086967,snare
2765.4593568521923,-3.3244363205286933,snare
3915.9634800871436,-2.8684189332576975,snare
4480.2039213413955,-2.235126424522897,snare
4786.3990953699395,-3.375729614916244,snare
4111.083630809524,-2.3456925740079884,snare
5183.460634866548,-2.074853004950705,snare
3568.058145804598,-2.886181389597538,snare
5272.108475803981,-2.4374599763233133,snare
2311.5366495849357,-3.9740983891489,snare
4500.274886156763,-2.585147983970893,snare
6809.005622251971,-2.0621946080787814,snare
5560.470463308497,-2.1752717526977525,snare
2802.471547538546,-3.254702982514018,snare
3178.1051462754276,-3.6653629074992864,snare
3076.9559757850966,-3.8730022722775312,snare
3785.4433541602566,-3.582919238288212,snare
3361.9339087966673,-3.763802980312539,snare
11081.192255403472,-1.300683684709446,hihat_open
9508.78844077931,-2.0496944453145503,hihat_open
7772.649047508565,-1.7039485719080079,hihat_open
4064.019323156779,-4.199905057882593,hihat_open
9269.491175057805,-1.6421610841423266,hihat_open
9545.969101152583,-1.5197971884369772,hihat_open
6811.245753634626,-1.7329361087812603,hihat_open
11829.359883216253,-1.1459038762046265,hihat_open
5777.4576775382575,-3.020224946125702,hihat_open
8824.937625578274,-1.621710473671036,hihat_open
6060.795352108187,-1.8723022019132598,hihat_open
6828.514556596899,-1.9353680325260774,hihat_open
8458.335534832126,-1.5781392253773958,hihat_open
8353.21846416664,-1.6865189367727242,hihat_open
10904.863802433494,-1.3050987029185628,hihat_open
7414.201164477186,-1.6725776922106408,hihat_open
9827.414693534532,-1.4517798078211863,hihat_open
5819.718091137678,-2.1372706345191386,hihat_open
6571.336041511623,-1.9836043334855602,hihat_open
9298.556387033008,-1.6651506023670253,hihat_open
10605.294394372033,-1.4042510627118159,hihat_open
6770.892014137164,-1.939531813697857,hihat_open
728.6490696493684,-4.423048609196803,hihat_open
7897.9300245266095,-1.727295935904999,hihat_open
9872.216172682929,-1.4927441409652673,hihat_open
8507.294741674827,-1.5704171792834853,hihat_open
9333.114905443577,-1.589835265140587,hihat_open
8097.185752944204,-1.7172231031167042,hihat_open
7895.301569743516,-1.747751194566401,hihat_open
12498.721418647869,-1.1739669422715364,hihat_open
8191.775072598957,-1.7183373093601075,hihat_open
7930.396108710653,-1.931221516564229,hihat_open
9624.478113372315,-1.5079842387102669,hihat_open
11912.696231814542,-1.1591994186858712,hihat_open
8164.009348552365,-1.6546352583675026,hihat_open
8040.106027545333,-1.5504260328049206,hihat_open
9586.100537399754,-1.5996875615835986,hihat_open
7513.959484459949,-1.7194527584439732,hihat_open
6337.044006613442,-2.0957709036123857,hihat_open
9600.741836257686,-1.7318055264109742,hihat_open
2662.2216601817245,-2.8969923057017537,hihat_open
7113.664789812821,-1.8504363789896972,hihat_open
11129.86332677466,-1.3380852019148695,hihat_open
6038.042124270906,-1.9270921232222178,hihat_open
6665.723535147091,-1.8749063700516475,hihat_open
10060.465958109378,-1.3793201373745565,hihat_open
7931.1134780837365,-2.7840518945211583,hihat_open
7336.29643732205,-1.9381419594088027,hihat_open
8606.476375071026,-1.5675367164181313,hihat_open
5154.567641246313,-2.0373486094922506,hihat_open
9738.456741716103,-1.4874202597125175,hihat_open
10218.324647098518,-1.3259638413825245,hihat_open
12342.830170057943,-1.2610959317282233,hihat_open
7468.502896488002,-1.614650434260311,hihat_open
7125.241056937193,-2.1221315733034545,hihat_open
12242.118112764358,-1.1922442134633287,hihat_open
9584.294394237215,-1.4449712708815328,hihat_open
5510.497758189864,-3.9530449799510676,hihat_open
9655.214071258646,-1.419844320804111,hihat_open
7950.357251724958,-1.6598791088735134,hihat_open
11295.086333191164,-1.3117579950085396,hihat_open
9976.83395463992,-1.5079842387102669,hihat_open
7686.946046275578,-1.7947633765634556,hihat_open
6875.810876703579,-1.6619843728089758,hihat_open
7207.545188745587,-1.8265508940003403,hihat_open
6466.897164620372,-1.9734813258541115,hihat_open
6338.868133938418,-2.029709152934293,hihat_open
7341.798305070692,-1.8906754221698792,hihat_open
10298.823294421532,-1.2767434771634376,hihat_open
7037.782465754532,-1.7887645583342022,hihat_open
10716.07533685242,-1.3864943411225568,hihat_open
6479.513703141802,-1.9967720438602077,hihat_open
1221.608712542797,-4.474341903584354,hihat_open
4701.4348295501695,-2.2810235812151993,hihat_open
10734.589179264818,-1.2470802853398788,hihat_open
7576.784527395981,-1.8762110016783125,hihat_open
9551.5566937749,-1.4603561897210122,hihat_open
10014.568445182764,-1.40181104523445,hihat_open
8192.89334885453,-2.496369822069377,hihat_open
6496.1928237992215,-2.0086240344472217,hihat_open
7716.53944393965,-1.84409520365125,hihat_open
6479.528472239598,-1.9967720438602077,hihat_open
8012.372128166738,-1.7116706180019183,hihat_open
9177.153104132452,-1.6598791088735134,hihat_open
9116.69357859932,-1.7828015114459557,hihat_open
787.1313219042877,-4.456950160872484,hihat_open
9858.571016131264,-1.4475190429603315,hihat_open
1883.0403872001398,-4.52840912485463,hihat_open
9616.67584947107,-1.40181104523445,hihat_open
10342.677573509887,-1.3472736279692756,hihat_open
9220.821506366214,-2.0496944453145503,hihat_open
11788.229776647659,-1.2512643918624526,hihat_open
5808.4345547635385,-2.133886536534898,hihat_open
8964.590325758118,-1.608638392103683,hihat_open
6959.712919369651,-1.8428317796044777,hihat_open
4172.916367553629,-2.3477824389274478,hihat_open
7601.903825004319,-1.6962856991624389,hihat_open
10792.443083133847,-1.323707353023792,hihat_open
5769.075408154382,-2.051248447181284,hihat_open
1860.8690284893837,-4.566149452837476,hihat_open
10515.257900541492,-1.3880956224895307,hihat_open
7326.106261277156,-2.7032626395938375,hihat_open
8639.196122299307,-1.4972024631069785,hihat_open
11540.743141496683,-1.4264833493389202,hihat_open
9629.634209215867,-1.4475190429603315,hihat_open
9402.168420829552,-1.6930195013758176,hihat_open
9691.959317948847,-2.0780428003188054,hihat_open
10529.627343505388,-1.3043615115840346,hihat_open
7235.446998998609,-1.950720741615663,hihat_open
9031.513437406931,-1.3961407181743624,hihat_open
7097.545575411359,-1.7627890719309414,hihat_open
6829.884180993935,-2.06062351584674,hihat_open
7655.819083775767,-1.939531813697857,hihat_open
9289.607240825177,-1.7971730162836086,hihat_open
9420.203050263708,-1.4483697448406443,hihat_open
8721.065539885054,-1.468138330163067,hihat_open
7222.973786116365,-1.9850588791965542,hihat_open
8945.277085319893,-1.5694561028039349,hihat_open
10439.380686972076,-1.4340053237936086,hihat_open
10907.619286485824,-1.3793201373745565,hihat_open
10582.232760572528,-1.4099676973081992,hihat_open
12134.438196044674,-1.2155708292809715,hihat_open
6045.068139175333,-2.086062089485425,hihat_open
8119.444583860947,-1.6056458711672292,hihat_open
7313.305900375532,-1.84409520365125,hihat_open
10472.62232059443,-1.3102743152111478,hihat_open
8775.887958584319,-1.5675367164181313,hihat_open
9254.626475183339,-1.71277865135628,hihat_open
9309.035883401677,-1.522543185585833,hihat_open
6026.646318450381,-1.8619528210512564,hihat_open
11293.20424081412,-1.0920352843917522,hihat_open
7150.75761880969,-1.8228311128978083,hihat_open
1770.3698677812536,-4.05148505276432,hihat_open
8491.74638542915,-2.694347275935885,hihat_open
9390.552789265808,-1.4264833493389202,hihat_open
5298.838730240019,-2.0373486094922506,hihat_open
9126.394887938604,-1.530826712012477,hihat_open
10361.854104021004,-1.4181914278658114,hihat_open
12630.743249986948,-1.2653392195660897,hihat_open
10914.662792651387,-1.2897306726902489,hihat_open
6544.592264764784,-1.9997218985066287,hihat_open
8280.742002975743,-1.541045100971155,hihat_open
3974.328512774625,-1.619688228290268,hihat_open
4579.359235431375,-3.364101576921125,hihat_open
9260.57433607804,-1.6598791088735134,hihat_open
9672.77106146384,-1.7768738118126803,hihat_open
9781.478842241811,-1.5656210070199923,hihat_open
9775.117036838472,-1.4945250853362622,hihat_open
9819.580651119606,-1.4083310357317314,hihat_open
7508.533918349682,-1.9107429852206883,hihat_open
6545.0320208066605,-2.0086240344472217,hihat_open
4441.800678975596,-3.110221399958785,hihat_open
7909.949067969826,-1.7454576155793016,hihat_open
7592.304274181988,-1.6431946759656093,hihat_open
9335.029759152061,-1.4900786573791274,hihat_open
9551.5030264733,-1.4256510563237508,hihat_open
6113.726149310262,-1.5888553532542382,hihat_open
9656.825105438984,-1.476856781202948,hihat_open
10358.61912935415,-1.419017532828117,hihat_open
4364.236630764018,-2.4015010459358694,hihat_open
7060.095066684607,-1.804436970741834,hihat_open
8884.071272147412,-1.547602501517314,hihat_open
9147.150680933137,-1.5317513537796954,hihat_open
7389.554502343775,-1.6693878968425406,hihat_open
7452.010902517211,-1.9691740686565313,hihat_open
9592.861602807057,-1.470745893570148,hihat_open
11579.877038337112,-1.2155708292809715,hihat_open
9282.499560593715,-1.6380373669584647,hihat_open
10339.703633961512,-1.3396107552237064,hihat_open
7494.760636273226,-1.6106383927703503,hihat_open
12608.910033819575,-0.8849920448174504,hihat_open
9995.789648824866,-1.4124277231490614,hihat_open
6451.987889940929,-1.9188841428043881,hihat_open
9059.240958467115,-1.4001876682545593,hihat_open
10787.559142486387,-1.3050987029185628,hihat_open
8041.526979743005,-1.8645301420655567,hihat_open
7716.56161839511,-1.8428317796044777,hihat_open
11462.335080485229,-1.2075116855941168,hihat_open
9800.098978056023,-1.4331667493209874,hihat_open
3986.6417613314065,-3.963516279818363,hihat_open
6299.6904493389575,-1.904008953039344,hihat_open
12114.846631415916,-1.2196248888875239,hihat_open
9866.24893783094,-1.4786096300303626,hihat_open
7873.9141538751965,-1.7500500461535116,hihat_open
8701.459888742313,-1.7138879138105658,hihat_open
9302.812856016819,-1.619688228290268,hihat_open
1235.2286705740207,-4.510059986186433,hihat_open
9398.451413182385,-1.5859213658194506,hihat_open
8000.751297987781,-1.956362505522331,hihat_open
6508.249194038072,-1.8466268505730294,hihat_open
7613.526407473824,-1.6278018630644377,hihat_open
8605.744647802854,-1.5216270151140534,hihat_open
7939.2447961194885,-1.7028502741589453,hihat_open
11274.764880388535,-1.2257369622444427,hihat_open
5783.0509356698185,-2.20022848467162,hihat_open
6451.992047836622,-1.9188841428043881,hihat_open
6835.149454789602,-1.84409520365125,hihat_open
5927.638390532433,-2.150922723687466,hihat_open
10974.115312959333,-1.3327640187015892,hihat_open
7538.173125638599,-1.7006572908239352,hihat_open
7820.992182584134,-1.684361438632703,hihat_open
10336.279523783052,-1.3495839871024597,hihat_open
7243.388982889739,-1.6886810997772195,hihat_open
8964.383918115189,-1.667267005273403,hihat_open
8645.466616367194,-2.9414440682725878,hihat_open
8820.164645920187,-1.6411285595281373,hihat_open
9198.986414605708,-1.5088879893366236,hihat_open
8731.144995765197,-1.5752364657194342,hihat_open
9210.794802106042,-1.5161475493494276,hihat_open
5905.618587326659,-2.304787075667385,hihat_open
8403.178944350475,-1.2456894645315357,hihat_open
6069.884694834465,-2.1321987724211784,hihat_open
8487.060794035864,-1.632906519376121,hihat_open
9976.09962369918,-1.4672706511498448,hihat_open
8964.645442154248,-1.608638392103683,hihat_open
9870.472489261425,-1.4891917393608995,hihat_open
7968.4394673920415,-1.6651506023670253,hihat_open
9302.204863022176,-1.6962856991624389,hihat_open
10396.633122849998,-1.3518996963580578,hihat_open
8583.123459092742,-1.5429142603938586,hihat_open
8744.622890117102,-1.4803655567326275,hihat_open
8993.456388838253,-1.6789879705715598,hihat_open
6975.954507005662,-1.9243486372764669,hihat_open
10487.119282331849,-1.3612165339382882,hihat_open
7048.730443484415,-1.7756924767668492,hihat_open
6289.659162730752,-1.6951957807984133,hihat_open
7682.244423554155,-1.691933135163597,hihat_open
12604.280325276766,-0.8791949271331244,hihat_open
6770.946482782625,-1.939531813697857,hihat_open
8942.159143255409,-1.4724880542895329,hihat_open
6956.512499406002,-1.7792406768229467,hihat_open
11031.61785072423,-1.2646307533657164,hihat_open
9127.44731046019,-1.5097925574670505,hihat_open
10060.036615503312,-1.3977575334012675,hihat_open
12598.882560938373,-0.8917980992864498,hihat_open
7623.899074601639,-1.6693878968425406,hihat_open
6849.477063651154,-1.8020097850842227,hihat_open
11151.020925418363,-1.2774605800984347,hihat_open
11789.722437705686,-1.293368363133073,hihat_open
8732.685259984004,-1.5723421076930697,hihat_open
8275.591613826255,-2.558968478389122,hihat_open
8139.361394321302,-1.7228065905424046,hihat_open
9687.350977030716,-1.456058804508466,hihat_open
7031.901726608533,-1.6768466421302166,hihat_open
11218.54154181507,-1.2041727843286023,hihat_open
9365.502925800414,-1.4838866871312062,hihat_open
7003.29601231191,-1.9229797116691252,hihat_open
11988.4670179877,-1.1962046146794254,hihat_open
8388.789712525948,-1.69084794786231,hihat_open
6905.714516418787,-1.79596747062826,hihat_open
9134.263147104606,-1.7284214284267336,hihat_open
8796.005653152257,-1.6298405997542862,hihat_open
